ALLEY,ALLEY
ALLEY,ALY
ALLEY,ALLY
ALLEY,ALLEY
ALLEY,ALLEE
ALLEY,ALLEE
ANEX,ANEX
ANEX,ANX
ANEX,ANNEX
ANEX,ANEX
ANEX,ANNX
ANEX,ANNX
ARCADE,ARCADE
ARCADE,ARC
ARCADE,ARCADE
ARCADE,ARCADE
AVENUE,AVENUE
AVENUE,AVN
AVENUE,AV
AVENUE,AVNUE
AVENUE,AVENUE
AVENUE,AVEN
AVENUE,AVE
AVENUE,AVENU
AVENUE,AVENU
BAYOU,BAYOU
BAYOU,BAYOO
BAYOU,BYU
BAYOU,BAYOU
BAYOU,BAYOU
BEACH,BEACH
BEACH,BCH
BEACH,BEACH
BEACH,BEACH
BEND,BEND
BEND,BND
BEND,BEND
BEND,BEND
BLUFF,BLUFF
BLUFF,BLUF
BLUFF,BLUFF
BLUFF,BLF
BLUFF,BLF
BLUFFS,BLUFFS
BLUFFS,BLUFFS
BLUFFS,BLFS
BLUFFS,BLFS
BOTTOM,BOTTOM
BOTTOM,BOTTOM
BOTTOM,BOTTM
BOTTOM,BTM
BOTTOM,BOT
BOTTOM,BOT
BOULEVARD,BOULEVARD
BOULEVARD,BLVD
BOULEVARD,BOULEVARD
BOULEVARD,BOUL
BOULEVARD,BOULV
BOULEVARD,BOULV
BRANCH,BRANCH
BRANCH,BR
BRANCH,BRNCH
BRANCH,BRANCH
BRANCH,BRANCH
BRIDGE,BRIDGE
BRIDGE,BRIDGE
BRIDGE,BRG
BRIDGE,BRDGE
BRIDGE,BRDGE
BROOK,BROOK
BROOK,BRK
BROOK,BROOK
BROOK,BROOK
BROOKS,BROOKS
BROOKS,BRKS
BROOKS,BROOKS
BROOKS,BROOKS
BURG,BURG
BURG,BG
BURG,BURG
BURG,BURG
BURGS,BURGS
BURGS,BGS
BURGS,BURGS
BURGS,BURGS
BYPASS,BYPASS
BYPASS,BYP
BYPASS,BYPAS
BYPASS,BYPA
BYPASS,BYPS
BYPASS,BYPASS
BYPASS,BYPASS
CAMP,CAMP
CAMP,CAMP
CAMP,CP
CAMP,CMP
CAMP,CMP
CANYON,CANYON
CANYON,CNYN
CANYON,CANYON
CANYON,CANYN
CANYON,CYN
CANYON,CYN
CAPE,CAPE
CAPE,CAPE
CAPE,CPE
CAPE,CPE
CAUSEWAY,CAUSEWAY
CAUSEWAY,CAUSEWAY
CAUSEWAY,CSWY
CAUSEWAY,CAUSWA
CAUSEWAY,CAUSWA
CENTER,CENTER
CENTER,CENT
CENTER,CNTR
CENTER,CEN
CENTER,CENTR
CENTER,CENTRE
CENTER,CTR
CENTER,CENTER
CENTER,CNTER
CENTER,CNTER
CENTERS,CENTERS
CENTERS,CENTERS
CENTERS,CTRS
CENTERS,CTRS
CIRCLE,CIRCLE
CIRCLE,CIRC
CIRCLE,CIRCLE
CIRCLE,CRCL
CIRCLE,CIR
CIRCLE,CRCLE
CIRCLE,CIRCL
CIRCLE,CIRCL
CIRCLES,CIRCLES
CIRCLES,CIRCLES
CIRCLES,CIRS
CIRCLES,CIRS
CIRCLES,CI
CLIFF,CLIFF
CLIFF,CLF
CLIFF,CLIFF
CLIFF,CLIFF
CLIFFS,CLIFFS
CLIFFS,CLIFFS
CLIFFS,CLFS
CLIFFS,CLFS
CLUB,CLUB
CLUB,CLUB
CLUB,CLB
CLUB,CLB
COMMON,COMMON
COMMON,COMMON
COMMON,CMN
COMMON,CMN
COMMONS,COMMONS
COMMONS,COMMONS
COMMONS,CMNS
COMMONS,CMNS
CORNER,CORNER
CORNER,CORNER
CORNER,COR
CORNER,COR
CORNERS,CORNERS
CORNERS,CORNERS
CORNERS,CORS
CORNERS,CORS
COURSE,COURSE
COURSE,CRSE
COURSE,COURSE
COURSE,COURSE
COURT,COURT
COURT,CT
COURT,COURT
COURT,COURT
COURTS,COURTS
COURTS,COURTS
COURTS,CTS
COURTS,CTS
COVE,COVE
COVE,CV
COVE,COVE
COVE,COVE
COVES,COVES
COVES,COVES
COVES,CVS
COVES,CVS
CREEK,CREEK
CREEK,CREEK
CREEK,CRK
CREEK,CRK
CRESCENT,CRESCENT
CRESCENT,CRESCENT
CRESCENT,CRSNT
CRESCENT,CRSENT
CRESCENT,CRES
CRESCENT,CRES
CREST,CREST
CREST,CRST
CREST,CREST
CREST,CREST
CROSSING,CROSSING
CROSSING,CRSSNG
CROSSING,XING
CROSSING,CROSSING
CROSSING,CROSSING
CROSSROAD,CROSSROAD
CROSSROAD,CROSSROAD
CROSSROAD,XRD
CROSSROAD,XRD
CROSSROADS,CROSSROADS
CROSSROADS,CROSSROADS
CROSSROADS,XRDS
CROSSROADS,XRDS
CURVE,CURVE
CURVE,CURVE
CURVE,CURV
CURVE,CURV
DALE,DALE
DALE,DL
DALE,DALE
DALE,DALE
DAM,DAM
DAM,DM
DAM,DAM
DAM,DAM
DIVIDE,DIVIDE
DIVIDE,DIV
DIVIDE,DV
DIVIDE,DIVIDE
DIVIDE,DVD
DIVIDE,DVD
DRIVE,DRIVE
DRIVE,DRIV
DRIVE,DRIVE
DRIVE,DRV
DRIVE,DR
DRIVE,DR
DRIVES,DRIVES
DRIVES,DRIVES
DRIVES,DRS
DRIVES,DRS
ESTATE,ESTATE
ESTATE,EST
ESTATE,ESTATE
ESTATE,ESTATE
ESTATES,ESTATES
ESTATES,ESTS
ESTATES,ESTATES
ESTATES,ESTATES
EXPRESSWAY,EXPRESSWAY
EXPRESSWAY,EXPRESSWAY
EXPRESSWAY,EXPR
EXPRESSWAY,EXPRESS
EXPRESSWAY,EXP
EXPRESSWAY,EXPW
EXPRESSWAY,EXPY
EXPRESSWAY,EXPY
EXTENSION,EXTENSION
EXTENSION,EXTNSN
EXTENSION,EXTN
EXTENSION,EXTENSION
EXTENSION,EXT
EXTENSION,EXT
EXTENSIONS,EXTENSIONS
EXTENSIONS,EXTENSIONS
EXTENSIONS,EXTS
EXTENSIONS,EXTS
FALL,FALL
FALL,FALL
FALL,FALL
FALLS,FALLS
FALLS,FALLS
FALLS,FLS
FALLS,FLS
FERRY,FERRY
FERRY,FRRY
FERRY,FERRY
FERRY,FRY
FERRY,FRY
FIELD,FIELD
FIELD,FIELD
FIELD,FLD
FIELD,FLD
FIELDS,FIELDS
FIELDS,FIELDS
FIELDS,FLDS
FIELDS,FLDS
FLAT,FLAT
FLAT,FLAT
FLAT,FLT
FLAT,FLT
FLATS,FLATS
FLATS,FLTS
FLATS,FLATS
FLATS,FLATS
FORD,FORD
FORD,FRD
FORD,FORD
FORD,FORD
FORDS,FORDS
FORDS,FRDS
FORDS,FORDS
FORDS,FORDS
FOREST,FOREST
FOREST,FORESTS
FOREST,FOREST
FOREST,FRST
FOREST,FRST
FORGE,FORGE
FORGE,FORGE
FORGE,FRG
FORGE,FORG
FORGE,FORG
FORGES,FORGES
FORGES,FORGES
FORGES,FRGS
FORGES,FRGS
FORK,FORK
FORK,FORK
FORK,FRK
FORK,FRK
FORKS,FORKS
FORKS,FORKS
FORKS,FRKS
FORKS,FRKS
FORT,FORT
FORT,FT
FORT,FORT
FORT,FRT
FORT,FRT
FREEWAY,FREEWAY
FREEWAY,FWY
FREEWAY,FRWY
FREEWAY,FREEWY
FREEWAY,FREEWAY
FREEWAY,FRWAY
FREEWAY,FRWAY
GARDEN,GARDEN
GARDEN,GRDEN
GARDEN,GARDEN
GARDEN,GRDN
GARDEN,GDN
GARDEN,GARDN
GARDEN,GARDN
GARDENS,GARDENS
GARDENS,GRDNS
GARDENS,GDNS
GARDENS,GARDENS
GARDENS,GARDENS
GATEWAY,GATEWAY
GATEWAY,GTWY
GATEWAY,GATWAY
GATEWAY,GATEWY
GATEWAY,GTWAY
GATEWAY,GATEWAY
GATEWAY,GATEWAY
GLEN,GLEN
GLEN,GLN
GLEN,GLEN
GLEN,GLEN
GLENS,GLENS
GLENS,GLNS
GLENS,GLENS
GLENS,GLENS
GREEN,GREEN
GREEN,GREEN
GREEN,GRN
GREEN,GRN
GREENS,GREENS
GREENS,GRNS
GREENS,GREENS
GREENS,GREENS
GROVE,GROVE
GROVE,GROV
GROVE,GROVE
GROVE,GRV
GROVE,GRV
GROVES,GROVES
GROVES,GRVS
GROVES,GROVES
GROVES,GROVES
HARBOR,HARBOR
HARBOR,HARBOR
HARBOR,HRBOR
HARBOR,HARB
HARBOR,HBR
HARBOR,HARBR
HARBOR,HARBR
HARBORS,HARBORS
HARBORS,HARBORS
HARBORS,HBRS
HARBORS,HBRS
HAVEN,HAVEN
HAVEN,HVN
HAVEN,HAVEN
HAVEN,HAVEN
HEIGHTS,HEIGHTS
HEIGHTS,HEIGHTS
HEIGHTS,HTS
HEIGHTS,HT
HEIGHTS,HT
HIGHWAY,HIGHWAY
HIGHWAY,HIWAY
HIGHWAY,HIGHWY
HIGHWAY,HIGHWAY
HIGHWAY,HWAY
HIGHWAY,HWY
HIGHWAY,HIWY
HIGHWAY,HIWY
HILL,HILL
HILL,HILL
HILL,HL
HILL,HL
HILLS,HILLS
HILLS,HILLS
HILLS,HLS
HILLS,HLS
HOLLOW,HOLLOW
HOLLOW,HOLWS
HOLLOW,HOLLOW
HOLLOW,HLLW
HOLLOW,HOLW
HOLLOW,HOLLOWS
HOLLOW,HOLLOWS
INLET,INLET
INLET,INLT
INLET,INLET
INLET,INLET
ISLAND,ISLAND
ISLAND,IS
ISLAND,ISLND
ISLAND,ISLAND
ISLAND,ISLAND
ISLANDS,ISLANDS
ISLANDS,ISLNDS
ISLANDS,ISS
ISLANDS,ISLANDS
ISLANDS,ISLANDS
ISLE,ISLE
ISLE,ISLES
ISLE,ISLE
ISLE,ISLE
JUNCTION,JUNCTION
JUNCTION,JCTION
JUNCTION,JCT
JUNCTION,JUNCTION
JUNCTION,JCTN
JUNCTION,JUNCTN
JUNCTION,JUNCTON
JUNCTION,JUNCTON
JUNCTIONS,JUNCTIONS
JUNCTIONS,JCTS
JUNCTIONS,JCTNS
JUNCTIONS,JUNCTIONS
JUNCTIONS,JUNCTIONS
KEY,KEY
KEY,KY
KEY,KEY
KEY,KEY
KEYS,KEYS
KEYS,KYS
KEYS,KEYS
KEYS,KEYS
KNOLL,KNOLL
KNOLL,KNOL
KNOLL,KNOLL
KNOLL,KNL
KNOLL,KNL
KNOLLS,KNOLLS
KNOLLS,KNLS
KNOLLS,KNOLLS
KNOLLS,KNOLLS
LAKE,LAKE
LAKE,LAKE
LAKE,LK
LAKE,LK
LAKES,LAKES
LAKES,LAKES
LAKES,LKS
LAKES,LKS
LAND,LAND
LAND,LAND
LAND,LAND
LANDING,LANDING
LANDING,LNDG
LANDING,LNDNG
LANDING,LANDING
LANDING,LANDING
LANE,LANE
LANE,LN
LANE,LANE
LANE,LANE
LIGHT,LIGHT
LIGHT,LGT
LIGHT,LIGHT
LIGHT,LIGHT
LIGHTS,LIGHTS
LIGHTS,LGTS
LIGHTS,LIGHTS
LIGHTS,LIGHTS
LOAF,LOAF
LOAF,LOAF
LOAF,LF
LOAF,LF
LOCK,LOCK
LOCK,LCK
LOCK,LOCK
LOCK,LOCK
LOCKS,LOCKS
LOCKS,LCKS
LOCKS,LOCKS
LOCKS,LOCKS
LODGE,LODGE
LODGE,LODGE
LODGE,LODG
LODGE,LDGE
LODGE,LDG
LODGE,LDG
LOOP,LOOP
LOOP,LOOP
LOOP,LOOPS
LOOP,LOOPS
MALL,MALL
MALL,MALL
MALL,MALL
MANOR,MANOR
MANOR,MANOR
MANOR,MNR
MANOR,MNR
MANORS,MANORS
MANORS,MNRS
MANORS,MANORS
MANORS,MANORS
MEADOW,MEADOW
MEADOW,MEADOW
MEADOW,MDW
MEADOW,MDW
MEADOWS,MEADOWS
MEADOWS,MEDOWS
MEADOWS,MDW
MEADOWS,MEADOWS
MEADOWS,MDWS
MEADOWS,MDWS
MEWS,MEWS
MEWS,MEWS
MEWS,MEWS
MILL,MILL
MILL,ML
MILL,MILL
MILL,MILL
MILLS,MILLS
MILLS,MILLS
MILLS,MLS
MILLS,MLS
MISSION,MISSION
MISSION,MISSION
MISSION,MISSN
MISSION,MSSN
MISSION,MSN
MISSION,MSN
MOTORWAY,MOTORWAY
MOTORWAY,MOTORWAY
MOTORWAY,MTWY
MOTORWAY,MTWY
MOUNT,MOUNT
MOUNT,MNT
MOUNT,MOUNT
MOUNT,MT
MOUNT,MT
MOUNTAIN,MOUNTAIN
MOUNTAIN,MTIN
MOUNTAIN,MNTN
MOUNTAIN,MOUNTAIN
MOUNTAIN,MTN
MOUNTAIN,MOUNTIN
MOUNTAIN,MNTAIN
MOUNTAIN,MNTAIN
MOUNTAINS,MOUNTAINS
MOUNTAINS,MOUNTAINS
MOUNTAINS,MNTNS
MOUNTAINS,MTNS
MOUNTAINS,MTNS
NECK,NECK
NECK,NECK
NECK,NCK
NECK,NCK
ORCHARD,ORCHARD
ORCHARD,ORCHRD
ORCHARD,ORCH
ORCHARD,ORCHARD
ORCHARD,ORCHARD
OVAL,OVAL
OVAL,OVL
OVAL,OVAL
OVAL,OVAL
OVERPASS,OVERPASS
OVERPASS,OPAS
OVERPASS,OVERPASS
OVERPASS,OVERPASS
PARK,PARK
PARK,PARK
PARK,PRK
PARK,PRK
PARKS,PARKS
PARKS,PARK
PARKS,PARKS
PARKS,PARKS
PARKWAY,PARKWAY
PARKWAY,PKWY
PARKWAY,PARKWAY
PARKWAY,PARKWY
PARKWAY,PKWAY
PARKWAY,PKY
PARKWAY,PKY
PARKWAYS,PARKWAYS
PARKWAYS,PARKWAYS
PARKWAYS,PKWY
PARKWAYS,PKWYS
PARKWAYS,PKWYS
PASS,PASS
PASS,PASS
PASS,PASS
PASSAGE,PASSAGE
PASSAGE,PSGE
PASSAGE,PASSAGE
PASSAGE,PASSAGE
PATH,PATH
PATH,PATH
PATH,PATHS
PATH,PATHS
PIKE,PIKE
PIKE,PIKE
PIKE,PIKES
PIKE,PIKES
PINE,PINE
PINE,PINE
PINE,PNE
PINE,PNE
PINES,PINES
PINES,PNES
PINES,PINES
PINES,PINES
PLACE,PLACE
PLACE,PL
PLACE,PLACE
PLACE,PLACE
PLAIN,PLAIN
PLAIN,PLN
PLAIN,PLAIN
PLAIN,PLAIN
PLAINS,PLAINS
PLAINS,PLAINS
PLAINS,PLNS
PLAINS,PLNS
PLAZA,PLAZA
PLAZA,PLZA
PLAZA,PLAZA
PLAZA,PLZ
PLAZA,PLZ
POINT,POINT
POINT,PT
POINT,POINT
POINT,POINT
POINTS,POINTS
POINTS,POINTS
POINTS,PTS
POINTS,PTS
PORT,PORT
PORT,PORT
PORT,PRT
PORT,PRT
PORTS,PORTS
PORTS,PRTS
PORTS,PORTS
PORTS,PORTS
PRAIRIE,PRAIRIE
PRAIRIE,PR
PRAIRIE,PRR
PRAIRIE,PRAIRIE
PRAIRIE,PRAIRIE
RADIAL,RADIAL
RADIAL,RADIAL
RADIAL,RADL
RADIAL,RADIEL
RADIAL,RAD
RADIAL,RAD
RAMP,RAMP
RAMP,RAMP
RAMP,RAMP
RANCH,RANCH
RANCH,RANCHES
RANCH,RANCH
RANCH,RNCH
RANCH,RNCHS
RANCH,RNCHS
RAPID,RAPID
RAPID,RPD
RAPID,RAPID
RAPID,RAPID
RAPIDS,RAPIDS
RAPIDS,RAPIDS
RAPIDS,RPDS
RAPIDS,RPDS
REST,REST
REST,REST
REST,RST
REST,RST
RIDGE,RIDGE
RIDGE,RDGE
RIDGE,RIDGE
RIDGE,RDG
RIDGE,RDG
RIDGES,RIDGES
RIDGES,RIDGES
RIDGES,RDGS
RIDGES,RDGS
RIVER,RIVER
RIVER,RIVR
RIVER,RVR
RIVER,RIV
RIVER,RIVER
RIVER,RIVER
ROAD,ROAD
ROAD,RD
ROAD,ROAD
ROAD,ROAD
ROADS,ROADS
ROADS,RDS
ROADS,ROADS
ROADS,ROADS
ROUTE,ROUTE
ROUTE,ROUTE
ROUTE,RTE
ROUTE,RTE
ROW,ROW
ROW,ROW
ROW,ROW
RUE,RUE
RUE,RUE
RUE,RUE
RUN,RUN
RUN,RUN
RUN,RUN
SHOAL,SHOAL
SHOAL,SHOAL
SHOAL,SHL
SHOAL,SHL
SHOALS,SHOALS
SHOALS,SHOALS
SHOALS,SHLS
SHOALS,SHLS
SHORE,SHORE
SHORE,SHR
SHORE,SHORE
SHORE,SHOAR
SHORE,SHOAR
SHORES,SHORES
SHORES,SHRS
SHORES,SHOARS
SHORES,SHORES
SHORES,SHORES
SKYWAY,SKYWAY
SKYWAY,SKYWAY
SKYWAY,SKWY
SKYWAY,SKWY
SPRING,SPRING
SPRING,SPG
SPRING,SPNG
SPRING,SPRING
SPRING,SPRNG
SPRING,SPRNG
SPRINGS,SPRINGS
SPRINGS,SPRNGS
SPRINGS,SPNGS
SPRINGS,SPGS
SPRINGS,SPRINGS
SPRINGS,SPRINGS
SPUR,SPUR
SPUR,SPUR
SPUR,SPUR
SPURS,SPURS
SPURS,SPURS
SPURS,SPUR
SPURS,SPUR
SQUARE,SQUARE
SQUARE,SQRE
SQUARE,SQUARE
SQUARE,SQR
SQUARE,SQU
SQUARE,SQ
SQUARE,SQ
SQUARES,SQUARES
SQUARES,SQUARES
SQUARES,SQS
SQUARES,SQRS
SQUARES,SQRS
STATION,STATION
STATION,STA
STATION,STATION
STATION,STATN
STATION,STN
STATION,STN
STRAVENUE,STRAVENUE
STRAVENUE,STRAV
STRAVENUE,STRA
STRAVENUE,STRAVN
STRAVENUE,STRVN
STRAVENUE,STRAVENUE
STRAVENUE,STRAVEN
STRAVENUE,STRVNUE
STRAVENUE,STRVNUE
STREAM,STREAM
STREAM,STREAM
STREAM,STRM
STREAM,STREME
STREAM,STREME
STREET,STREET
STREET,STR
STREET,ST
STREET,STRT
STREET,STREET
STREET,STREET
STREETS,STREETS
STREETS,STREETS
STREETS,STS
STREETS,STS
SUMMIT,SUMMIT
SUMMIT,SUMIT
SUMMIT,SUMMIT
SUMMIT,SUMITT
SUMMIT,SMT
SUMMIT,SMT
TERRACE,TERRACE
TERRACE,TER
TERRACE,TERR
TERRACE,TERRACE
TERRACE,TERRACE
THROUGHWAY,THROUGHWAY
THROUGHWAY,THROUGHWAY
THROUGHWAY,TRWY
THROUGHWAY,TRWY
TRACE,TRACE
TRACE,TRCE
TRACE,TRACE
TRACE,TRACES
TRACE,TRACES
TRACK,TRACK
TRACK,TRACK
TRACK,TRACKS
TRACK,TRK
TRACK,TRKS
TRACK,TRKS
TRAK,TRAK
TRAK,TRAK
TRAK,TRAK
TRAFFICWAY,TRAFFICWAY
TRAFFICWAY,TRAFFICWAY
TRAFFICWAY,TRFY
TRAFFICWAY,TRFY
TRAIL,TRAIL
TRAIL,TRAIL
TRAIL,TRLS
TRAIL,TRAILS
TRAIL,TRL
TRAIL,TRL
TRAILER,TRAILER
TRAILER,TRLR
TRAILER,TRLRS
TRAILER,TRAILER
TRAILER,TRAILER
TUNNEL,TUNNEL
TUNNEL,TUNEL
TUNNEL,TUNNL
TUNNEL,TUNNEL
TUNNEL,TUNLS
TUNNEL,TUNL
TUNNEL,TUNNELS
TUNNEL,TUNNELS
TURNPIKE,TURNPIKE
TURNPIKE,TRNPK
TURNPIKE,TPKE
TURNPIKE,TURNPK
TURNPIKE,TURNPIKE
TURNPIKE,TURNPIKE
UNDERPASS,UNDERPASS
UNDERPASS,UPAS
UNDERPASS,UNDERPASS
UNDERPASS,UNDERPASS
UNION,UNION
UNION,UN
UNION,UNION
UNION,UNION
UNIONS,UNIONS
UNIONS,UNIONS
UNIONS,UNS
UNIONS,UNS
VALLEY,VALLEY
VALLEY,VALLEY
VALLEY,VLY
VALLEY,VALLY
VALLEY,VLLY
VALLEY,VLLY
VALLEYS,VALLEYS
VALLEYS,VALLEYS
VALLEYS,VLYS
VALLEYS,VLYS
VIADUCT,VIADUCT
VIADUCT,VIA
VIADUCT,VDCT
VIADUCT,VIADUCT
VIADUCT,VIADCT
VIADUCT,VIADCT
VIEW,VIEW
VIEW,VIEW
VIEW,VW
VIEW,VW
VIEWS,VIEWS
VIEWS,VIEWS
VIEWS,VWS
VIEWS,VWS
VILLAGE,VILLAGE
VILLAGE,VILLAGE
VILLAGE,VLG
VILLAGE,VILLIAGE
VILLAGE,VILLAG
VILLAGE,VILLG
VILLAGE,VILL
VILLAGE,VILL
VILLAGES,VILLAGES
VILLAGES,VLGS
VILLAGES,VILLAGES
VILLAGES,VILLAGES
VILLE,VILLE
VILLE,VILLE
VILLE,VL
VILLE,VL
VISTA,VISTA
VISTA,VIST
VISTA,VST
VISTA,VIS
VISTA,VSTA
VISTA,VISTA
VISTA,VISTA
WALK,WALK
WALK,WALK
WALK,WALK
WALKS,WALKS
WALKS,WALK
WALKS,WALKS
WALKS,WALKS
WALL,WALL
WALL,WALL
WALL,WALL
WAY,WAY
WAY,WY
WAY,WAY
WAY,WAY
WAYS,WAYS
WAYS,WAYS
WAYS,WAYS
WELL,WELL
WELL,WELL
WELL,WL
WELL,WL
WELLS,WELLS
WELLS,WELLS
WELLS,WLS
WELLS,WLS
